{"cameraMode":{"drawMode":0,"name":"Shaded","section":"Shading Mode"},"sceneLighting":false,"audioPlay":false,"sceneViewState":{"m_AlwaysRefresh":false,"showFog":true,"showSkybox":false,"showFlares":true,"showImageEffects":true,"showParticleSystems":true,"showVisualEffectGraphs":true,"m_FxEnabled":true},"in2DMode":false,"pivot":{"x":-0.9049544334411621,"y":-0.17580556869506837,"z":-0.16408634185791017},"rotation":{"x":-0.2652113437652588,"y":0.05116596817970276,"z":-0.014097739942371846,"w":-0.9627357125282288},"size":6.7923736572265629,"orthographic":false}