{"cameraMode":{"drawMode":0,"name":"Shaded","section":"Shading Mode"},"sceneLighting":false,"audioPlay":false,"sceneViewState":{"m_AlwaysRefresh":false,"showFog":true,"showSkybox":false,"showFlares":true,"showImageEffects":true,"showParticleSystems":true,"showVisualEffectGraphs":true,"m_FxEnabled":true},"in2DMode":false,"pivot":{"x":-0.12592314183712007,"y":0.5700733661651611,"z":-0.23249131441116334},"rotation":{"x":0.312932550907135,"y":-0.23407308757305146,"z":0.07974495738744736,"w":0.9170787334442139},"size":1.7583980560302735,"orthographic":false}