{"cameraMode":{"drawMode":0,"name":"Shaded","section":"Shading Mode"},"sceneLighting":false,"audioPlay":false,"sceneViewState":{"m_AlwaysRefresh":false,"showFog":true,"showSkybox":false,"showFlares":true,"showImageEffects":true,"showParticleSystems":true,"showVisualEffectGraphs":true,"m_FxEnabled":true},"in2DMode":false,"pivot":{"x":-0.48740920424461367,"y":0.06278042495250702,"z":-0.3149552047252655},"rotation":{"x":-0.11113131046295166,"y":0.8871265649795532,"z":-0.3449101448059082,"w":-0.28583377599716189},"size":1.0509804487228394,"orthographic":false}